{"weights": [0.341568806694988, 0.33619545398097683, 0.32223573932403515], "threshold": 0.21529270877591095}