{"weights": [0.33965658491991024, 0.3369107377396119, 0.3234326773404779], "threshold": 0.25680217607073613}