{"weights": [0.35353802999511724, 0.39194199692453613, 0.2545199730803467], "threshold": 0.5972915837106694}