{"weights": [0.36040888695532114, 0.28354097755336943, 0.35605013549130937], "threshold": 0.5881999737006425}