{"weights": [0.3128469919747969, 0.3385520580346414, 0.3486009499905617], "threshold": 0.45959383021360867}