{"weights": [0.3138134717228813, 0.350731739834718, 0.33545478844240084], "threshold": 0.44101794789364235}